http://ohiosos.gov,ohiosos
http://gsa.gov,goverment sebsite
https://federalreserveonline.org,goverment website
https://glovoapp.com,connect users with couriers
https://launchdarkly.com,dating app
https://doppler.com,code tool
https://www.lowes.com/,less to do
http://sixt.de,Sixt GmbH & Co. Autovermietung KG BBP
https://www.larksuite.com,feishu
http://rms.com,rms
https://www.jimdo.com,jimdo
https://mendix.com,business
http://www.yoti.com,iphone id
https://www.netlify.com,netlify
https://security.oppo.com/,oppo
http://citrix.com,citrix
http://tiktok.com,tiktok
https://figma.com,figma
https://cs.money,cs money
https://faraday.io,faraday
https://www.rebelliondefense.com,rebellion defense
https://www.aswatson.com,watson group
http://finra.org,rinra response
https://www.ozon.ru,ozon
http://smtp2go.com,smtp2go
